epoch,train_loss,validation_losses,test_loss
1,0.7516633868217468,0.7828173637390137,0.6532812118530273
2,0.7468585968017578,0.7060379981994629,0.6532812118530273
3,0.6895874738693237,0.6793694496154785,0.6532812118530273
4,0.6689638495445251,0.6734811067581177,0.6532812118530273
5,0.6642646193504333,0.6685247421264648,0.6532812118530273
6,0.6604087948799133,0.6606632471084595,0.6532812118530273
7,0.6552098989486694,0.653293251991272,0.6532812118530273
