epoch,train_loss,validation_losses,test_loss
1,0.7353353500366211,0.7405967712402344,0.6579713821411133
2,0.7173104286193848,0.7015748023986816,0.6579713821411133
3,0.6886143684387207,0.6711521148681641,0.6579713821411133
4,0.6648267507553101,0.6661230325698853,0.6579713821411133
5,0.6626490354537964,0.6859070062637329,0.6579713821411133
6,0.6761699914932251,0.6710957288742065,0.6579713821411133
7,0.6648946404457092,0.6582777500152588,0.6579713821411133
