epoch,train_loss,validation_losses,test_loss
1,0.7208520174026489,0.8106790781021118,0.668515682220459
2,0.7339525818824768,0.7799646258354187,0.668515682220459
3,0.7174180150032043,0.7007849216461182,0.668515682220459
4,0.6762688159942627,0.7013626098632812,0.668515682220459
5,0.677082359790802,0.6721885800361633,0.668515682220459
6,0.6611816883087158,0.6758245229721069,0.668515682220459
7,0.6633003950119019,0.6687637567520142,0.668515682220459
