epoch,train_loss,validation_losses,test_loss
1,0.740817666053772,0.7846515774726868,0.6552435159683228
2,0.7486155033111572,0.7080764770507812,0.6552435159683228
3,0.6911671757698059,0.6798939108848572,0.6552435159683228
4,0.6694504022598267,0.6750275492668152,0.6552435159683228
5,0.6658385992050171,0.6688880920410156,0.6552435159683228
6,0.6615670919418335,0.6622226238250732,0.6552435159683228
7,0.6569024324417114,0.6551604270935059,0.6552435159683228
