epoch,train_loss,validation_losses,test_loss
1,0.7168030738830566,0.8130580186843872,0.6766043901443481
2,0.7372593879699707,0.8121863007545471,0.6766043901443481
3,0.7368091940879822,0.8057445287704468,0.6766043901443481
4,0.7335220575332642,0.7740341424942017,0.6766043901443481
5,0.7170279622077942,0.7114690542221069,0.6766043901443481
6,0.6838440895080566,0.6807168126106262,0.6766043901443481
7,0.6670295000076294,0.6765880584716797,0.6766043901443481
