epoch,train_loss,validation_losses,test_loss
1,0.7075203657150269,0.6823357343673706,0.5877968072891235
2,0.682422935962677,0.6573569178581238,0.5877968072891235
3,0.6572654843330383,0.6341654062271118,0.5877968072891235
4,0.6340910792350769,0.6146072745323181,0.5877968072891235
5,0.6147817373275757,0.6004838943481445,0.5877968072891235
6,0.600326418876648,0.5914808511734009,0.5877968072891235
7,0.5915834307670593,0.5875033140182495,0.5877968072891235
