epoch,train_loss,validation_losses,test_loss
1,0.738099992275238,0.7822377681732178,0.640277087688446
2,0.7458509802818298,0.720878005027771,0.640277087688446
3,0.700279951095581,0.6833103895187378,0.640277087688446
4,0.671856701374054,0.6732548475265503,0.640277087688446
5,0.6641616225242615,0.6614445447921753,0.640277087688446
6,0.6559813022613525,0.6509430408477783,0.640277087688446
7,0.6481809616088867,0.6403604745864868,0.640277087688446
