epoch,train_loss,validation_losses,test_loss
1,0.7314066886901855,0.80455082654953,0.6620428562164307
2,0.7450862526893616,0.7486862540245056,0.6620428562164307
3,0.7104417681694031,0.689873456954956,0.6620428562164307
4,0.6730973720550537,0.6824464797973633,0.6620428562164307
5,0.6678193211555481,0.6726008653640747,0.6620428562164307
6,0.6616103649139404,0.6707186102867126,0.6620428562164307
7,0.6605491638183594,0.6622296571731567,0.6620428562164307
