epoch,train_loss,validation_losses,test_loss
1,0.735174834728241,0.7680339813232422,0.6356824040412903
2,0.722006618976593,0.7310804724693298,0.6356824040412903
3,0.7001214027404785,0.6963563561439514,0.6356824040412903
4,0.6786280870437622,0.6689732670783997,0.6356824040412903
5,0.6603413224220276,0.6622102856636047,0.6356824040412903
6,0.6565054059028625,0.6455944776535034,0.6356824040412903
7,0.6463278532028198,0.635743260383606,0.6356824040412903
