epoch,train_loss,validation_losses,test_loss
1,0.7334505915641785,0.7950336933135986,0.6796280741691589
2,0.737932026386261,0.7596573233604431,0.6796280741691589
3,0.7167133092880249,0.7033472657203674,0.6796280741691589
4,0.681749165058136,0.7242469191551208,0.6796280741691589
5,0.6954424381256104,0.7468924522399902,0.6796280741691589
6,0.7120209336280823,0.7095356583595276,0.6796280741691589
7,0.6875678300857544,0.6796073317527771,0.6796280741691589
