epoch,train_loss,validation_losses,test_loss
1,0.7448188066482544,0.8109750747680664,0.8070787191390991
2,0.7677586674690247,0.8099560141563416,0.8070787191390991
3,0.7672968506813049,0.8078182935714722,0.8070787191390991
4,0.7663145661354065,0.8098679780960083,0.8070787191390991
5,0.7690901756286621,0.8076925873756409,0.8070787191390991
6,0.7669591307640076,0.8072901964187622,0.8070787191390991
7,0.7674795389175415,0.8071027994155884,0.8070787191390991
