epoch,train_loss,validation_losses,test_loss
1,0.7340372800827026,0.7728407382965088,0.6561242938041687
2,0.7240902781486511,0.7216520309448242,0.6561242938041687
3,0.6934008598327637,0.6962860822677612,0.6561242938041687
4,0.6778695583343506,0.6758431196212769,0.6561242938041687
5,0.6650607585906982,0.6538498401641846,0.6561242938041687
6,0.6509318947792053,0.6368038654327393,0.6561242938041687
7,0.6405206322669983,0.6561383008956909,0.6561242938041687
