epoch,train_loss,validation_losses,test_loss
1,0.7314275503158569,0.81064373254776,0.6676522493362427
2,0.7690430283546448,0.7835318446159363,0.6676522493362427
3,0.7487009763717651,0.7184414863586426,0.6676522493362427
4,0.6998115181922913,0.6826624274253845,0.6676522493362427
5,0.6720768213272095,0.6755177974700928,0.6676522493362427
6,0.6667661666870117,0.6714916825294495,0.6676522493362427
7,0.6639161705970764,0.6678862571716309,0.6676522493362427
