epoch,train_loss,validation_losses,test_loss
1,0.7170004844665527,0.8132290840148926,0.7847672700881958
2,0.7372625470161438,0.8132205009460449,0.7847672700881958
3,0.7373153567314148,0.8131603598594666,0.7847672700881958
4,0.737384557723999,0.8129137754440308,0.7847672700881958
5,0.7370657920837402,0.8117409944534302,0.7847672700881958
6,0.7361338138580322,0.8062514066696167,0.7847672700881958
7,0.7331635355949402,0.7848013639450073,0.7847672700881958
