epoch,train_loss,validation_losses,test_loss
1,0.707305371761322,0.8040860891342163,0.8078296780586243
2,0.7309417724609375,0.8046697378158569,0.8078296780586243
3,0.7335276007652283,0.79513019323349,0.8078296780586243
4,0.7289397716522217,0.7821323871612549,0.8078296780586243
5,0.7217889428138733,0.8077391386032104,0.8078296780586243
6,0.7367990016937256,0.8092362284660339,0.8078296780586243
7,0.7361479997634888,0.8078297972679138,0.8078296780586243
