epoch,train_loss,validation_losses,test_loss
1,0.6998737454414368,0.7675975561141968,0.6853715181350708
2,0.7136150598526001,0.7141882181167603,0.6853715181350708
3,0.6873306035995483,0.6823491454124451,0.6853715181350708
4,0.6692194938659668,0.6644251942634583,0.6853715181350708
5,0.6594817638397217,0.6860072016716003,0.6853715181350708
6,0.6723458766937256,0.6941738128662109,0.6853715181350708
7,0.6764615178108215,0.6852508187294006,0.6853715181350708
