epoch,train_loss,validation_losses,test_loss
1,0.7320435047149658,0.7617608308792114,0.6695220470428467
2,0.7207722067832947,0.715957760810852,0.6695220470428467
3,0.6941921710968018,0.7023407816886902,0.6695220470428467
4,0.6844134330749512,0.7093605399131775,0.6695220470428467
5,0.6884450912475586,0.6766784191131592,0.6695220470428467
6,0.667402982711792,0.6848295331001282,0.6695220470428467
7,0.6726818084716797,0.6693668365478516,0.6695220470428467
