epoch,train_loss,validation_losses,test_loss
1,0.7094203233718872,0.7485229969024658,0.6477625370025635
2,0.6991766691207886,0.7083354592323303,0.6477625370025635
3,0.6792230606079102,0.6794643998146057,0.6477625370025635
4,0.6650480628013611,0.6606232523918152,0.6477625370025635
5,0.6557093858718872,0.6503374576568604,0.6477625370025635
6,0.650587797164917,0.6490760445594788,0.6477625370025635
7,0.6505046486854553,0.6478544473648071,0.6477625370025635
