epoch,train_loss,validation_losses,test_loss
1,0.7327284812927246,0.8126739263534546,0.6682319641113281
2,0.752151608467102,0.8079336285591125,0.6682319641113281
3,0.7489543557167053,0.7672186493873596,0.6682319641113281
4,0.7233093976974487,0.6922487020492554,0.6682319641113281
5,0.6753667593002319,0.6830882430076599,0.6682319641113281
6,0.6697452664375305,0.6724957227706909,0.6682319641113281
7,0.6630783677101135,0.6683250665664673,0.6682319641113281
