epoch,train_loss,validation_losses,test_loss
1,0.7225926518440247,0.7015557885169983,0.6512316465377808
2,0.6852390170097351,0.6730198264122009,0.6512316465377808
3,0.6640871167182922,0.659311056137085,0.6512316465377808
4,0.6549558639526367,0.65716552734375,0.6512316465377808
5,0.653364896774292,0.6498053073883057,0.6512316465377808
6,0.6483312845230103,0.6495963335037231,0.6512316465377808
7,0.6494062542915344,0.6511718034744263,0.6512316465377808
