epoch,train_loss,validation_losses,test_loss
1,0.7215818166732788,0.7746016979217529,0.6154880523681641
2,0.7147638201713562,0.723981499671936,0.6154880523681641
3,0.6896568536758423,0.7004513740539551,0.6154880523681641
4,0.676876962184906,0.6746600270271301,0.6154880523681641
5,0.6634613275527954,0.6522161960601807,0.6154880523681641
6,0.6513904333114624,0.6294530034065247,0.6154880523681641
7,0.6408562064170837,0.6155353784561157,0.6154880523681641
