epoch,train_loss,validation_losses,test_loss
1,0.7284952998161316,0.8128468990325928,0.6731183528900146
2,0.7527144551277161,0.8095781207084656,0.6731183528900146
3,0.750768780708313,0.7860961556434631,0.6731183528900146
4,0.7358309626579285,0.7219223976135254,0.6731183528900146
5,0.6950895190238953,0.6822250485420227,0.6731183528900146
6,0.6687955260276794,0.6757175326347351,0.6731183528900146
7,0.6647170186042786,0.673216700553894,0.6731183528900146
