epoch,train_loss,validation_losses,test_loss
1,0.7240911722183228,0.7883824110031128,0.6626371145248413
2,0.7521023154258728,0.7324137091636658,0.6626371145248413
3,0.710290789604187,0.690685510635376,0.6626371145248413
4,0.6786127090454102,0.6807594895362854,0.6626371145248413
5,0.6708624958992004,0.6754591464996338,0.6626371145248413
6,0.6671314835548401,0.670486330986023,0.6626371145248413
7,0.6632335186004639,0.6626588702201843,0.6626371145248413
