epoch,train_loss,validation_losses,test_loss
1,0.7239752411842346,0.8123185634613037,0.659723162651062
2,0.7364781498908997,0.802918553352356,0.659723162651062
3,0.7310305237770081,0.7393896579742432,0.659723162651062
4,0.6984534859657288,0.6876696348190308,0.659723162651062
5,0.6707035899162292,0.6802855730056763,0.659723162651062
6,0.6667911410331726,0.6707863211631775,0.659723162651062
7,0.6621743440628052,0.6599886417388916,0.659723162651062
