epoch,train_loss,validation_losses,test_loss
1,0.7553092241287231,0.812924325466156,0.6867746710777283
2,0.7706423401832581,0.8035106658935547,0.6867746710777283
3,0.7635718584060669,0.758557915687561,0.6867746710777283
4,0.7301945686340332,0.7643492221832275,0.6867746710777283
5,0.734419047832489,0.6771175861358643,0.6867746710777283
6,0.6677616834640503,0.6908963322639465,0.6867746710777283
7,0.6784135699272156,0.6865222454071045,0.6867746710777283
